{
    "width": 1280,
    "height": 720,
    "intrinsic_matrix": [
        917.7822875976562,
        0,
        0,
        0,
        918.4134521484375,
        0,
        632.8607177734375,
        361.864013671875,
        1
    ]
}